azureresourcemanagercosmosdb,[tfm=netstandard2.0;isPrerelease=true]Azure.ResourceManager.CosmosDB,1.2.0
microsoftazuremanagementcdn,[tfm=netstandard2.0;isPrerelease=true]Microsoft.Azure.Management.Cdn,6.1.0
microsoftazuremanagementresourcegraph,[tfm=netstandard2.0;isPrerelease=true]Microsoft.Azure.Management.ResourceGraph,2.1.0
microsoftazuresearchcommon,[tfm=netstandard2.0;isPrerelease=true]Microsoft.Azure.Search.Common,10.1.0
microsoftazuremanagementdns,[tfm=netstandard2.0;isPrerelease=true]Microsoft.Azure.Management.Dns,3.0.1
azureresourcemanagerdigitaltwins,[tfm=netstandard2.0;isPrerelease=true]Azure.ResourceManager.DigitalTwins,1.1.0
microsoftazuremanagementblueprint,[tfm=netstandard2.0;isPrerelease=true]Microsoft.Azure.Management.Blueprint
microsoftazurecognitiveservicesvisioncustomvisionprediction,[tfm=netstandard2.0;isPrerelease=true]Microsoft.Azure.CognitiveServices.Vision.CustomVision.Prediction,2.0.0
azureresourcemanagerhealthbot,[tfm=netstandard2.0;isPrerelease=true]Azure.ResourceManager.HealthBot,1.0.0
microsoftservicefabricservicesremoting,[tfm=netstandard2.0;isPrerelease=true]Microsoft.ServiceFabric.Services.Remoting
microsoftazurecognitiveservicessearchautosuggest,[tfm=netstandard2.0;isPrerelease=true]Microsoft.Azure.CognitiveServices.Search.AutoSuggest,2.0.0
microsoftazuremanagementkeyvaultfluent,[tfm=netstandard2.0;isPrerelease=true]Microsoft.Azure.Management.KeyVault.Fluent,1.38.1
azureresourcemanagerextendedlocations,[tfm=netstandard2.0;isPrerelease=true]Azure.ResourceManager.ExtendedLocations,1.0.0
microsoftazuremanagementservicefabricmanagedclusters,[tfm=netstandard2.0;isPrerelease=true]Microsoft.Azure.Management.ServiceFabricManagedClusters
microsoftazuremobileserver,[tfm=netstandard2.0;isPrerelease=true]Microsoft.Azure.Mobile.Server,2.0.3
microsoftpowerbiaspnetwebforms,[tfm=netstandard2.0;isPrerelease=true]Microsoft.PowerBI.AspNet.WebForms
microsoftazuremanagementservicefabric,[tfm=netstandard2.0;isPrerelease=true]Microsoft.Azure.Management.ServiceFabric,1.3.0
azureresourcemanagerstoragecache,[tfm=netstandard2.0;isPrerelease=true]Azure.ResourceManager.StorageCache,1.0.0
microsoftazureapplicationinsights,[tfm=netstandard2.0;isPrerelease=true]Microsoft.Azure.ApplicationInsights
azureresourcemanagersql,[tfm=netstandard2.0;isPrerelease=true]Azure.ResourceManager.Sql,1.2.0
microsoftazuremanagementappservicefluent,[tfm=netstandard2.0;isPrerelease=true]Microsoft.Azure.Management.AppService.Fluent,1.38.1
microsoftazurestoragefile,[tfm=netstandard2.0;isPrerelease=true]Microsoft.Azure.Storage.File,11.2.3
microsoftazuremanagementpostgresql,[tfm=netstandard2.0;isPrerelease=true]Microsoft.Azure.Management.PostgreSQL,2.0.0
microsoftazurecognitiveservicessearchwebsearch,[tfm=netstandard2.0;isPrerelease=true]Microsoft.Azure.CognitiveServices.Search.WebSearch,2.0.0
microsoftazurerelay,[tfm=netstandard2.0;isPrerelease=true]Microsoft.Azure.Relay,2.0.15596
microsoftazureservicebus,[tfm=netstandard2.0;isPrerelease=true]Microsoft.Azure.ServiceBus,5.2.0
microsoftazuremobileserverauthentication,[tfm=netstandard2.0;isPrerelease=true]Microsoft.Azure.Mobile.Server.Authentication
microsoftazuredocumentdbchangefeedprocessor,[tfm=netstandard2.0;isPrerelease=true]Microsoft.Azure.DocumentDB.ChangeFeedProcessor,2.4.0
microsoftazurecognitiveserviceslanguageluisruntime,[tfm=netstandard2.0;isPrerelease=true]Microsoft.Azure.CognitiveServices.Language.LUIS.Runtime
microsoftazuremanagementnetwork,[tfm=netstandard2.0;isPrerelease=true]Microsoft.Azure.Management.Network,24.0.0
microsoftazuremobileclient,[tfm=netstandard2.0;isPrerelease=true]Microsoft.Azure.Mobile.Client
azureresourcemanagerlabservices,[tfm=netstandard2.0;isPrerelease=true]Azure.ResourceManager.LabServices,1.0.0
azurecore,[tfm=netstandard2.0;isPrerelease=true]Azure.Core,1.27.0
azureresourcemanagermaps,[tfm=netstandard2.0;isPrerelease=true]Azure.ResourceManager.Maps,1.0.0
microsoftazurecognitiveservicesvisioncomputervision,[tfm=netstandard2.0;isPrerelease=true]Microsoft.Azure.CognitiveServices.Vision.ComputerVision,7.0.1
microsoftazuremanagementmixedreality,[tfm=netstandard2.0;isPrerelease=true]Microsoft.Azure.Management.MixedReality,3.0.0
microsoftazureeventgrid,[tfm=netstandard2.0;isPrerelease=true]Microsoft.Azure.EventGrid,3.2.1
microsoftazuremanagementdatalakestore,[tfm=netstandard2.0;isPrerelease=true]Microsoft.Azure.Management.DataLake.Store
azureresourcemanagerdatabox,[tfm=netstandard2.0;isPrerelease=true]Azure.ResourceManager.DataBox,1.0.0
microsoftazurecorenewtonsoftjson,[tfm=netstandard2.0;isPrerelease=true]Microsoft.Azure.Core.NewtonsoftJson,1.0.0
microsoftazuremanagementcontainerinstancefluent,[tfm=netstandard2.0;isPrerelease=true]Microsoft.Azure.Management.ContainerInstance.Fluent,1.38.1
microsoftservicefabricfabrictransportinternal,[tfm=netstandard2.0;isPrerelease=true]Microsoft.ServiceFabric.FabricTransport.Internal
microsoftazurecosmosdbbulkexecutor,[tfm=netstandard2.0;isPrerelease=true]Microsoft.Azure.CosmosDB.BulkExecutor
microsoftazurewebjobsextensionstables,[tfm=netstandard2.0;isPrerelease=true]Microsoft.Azure.WebJobs.Extensions.Tables,1.0.0
azureresourcemanagercontainerservice,[tfm=netstandard2.0;isPrerelease=true]Azure.ResourceManager.ContainerService,1.1.0
azureresourcemanagerdatalakestore,[tfm=netstandard2.0;isPrerelease=true]Azure.ResourceManager.DataLakeStore,1.0.0
azureresourcemanagerkusto,[tfm=netstandard2.0;isPrerelease=true]Azure.ResourceManager.Kusto,1.2.0
microsoftazurestorageblob,[tfm=netstandard2.0;isPrerelease=true]Microsoft.Azure.Storage.Blob,11.2.3
azureresourcemanagerconfidentialledger,[tfm=netstandard2.0;isPrerelease=true]Azure.ResourceManager.ConfidentialLedger,1.0.0
azureresourcemanagerappcontainers,[tfm=netstandard2.0;isPrerelease=true]Azure.ResourceManager.AppContainers,1.0.1
azureextensionsaspnetcoredataprotectionkeys,[tfm=netstandard2.0;isPrerelease=true]Azure.Extensions.AspNetCore.DataProtection.Keys,1.1.0
azureailanguagequestionanswering,[tfm=netstandard2.0;isPrerelease=true]Azure.AI.Language.QuestionAnswering,1.1.0
azureresourcemanagernotificationhubs,[tfm=netstandard2.0;isPrerelease=true]Azure.ResourceManager.NotificationHubs,1.0.0
microsoftazuremanagementsqlfluent,[tfm=netstandard2.0;isPrerelease=true]Microsoft.Azure.Management.Sql.Fluent,1.38.1
microsoftextensionsazure,[tfm=netstandard2.0;isPrerelease=true]Microsoft.Extensions.Azure,1.6.0
microsoftazuredatalakestore,[tfm=netstandard2.0;isPrerelease=true]Microsoft.Azure.DataLake.Store
microsoftrestclientruntime,[tfm=netstandard2.0;isPrerelease=true]Microsoft.Rest.ClientRuntime,2.3.24
azureresourcemanagerhybriddata,[tfm=netstandard2.0;isPrerelease=true]Azure.ResourceManager.HybridData,1.0.0
microsoftazuremanagementappplatform,[tfm=netstandard2.0;isPrerelease=true]Microsoft.Azure.Management.AppPlatform,1.0.0
microsoftazuremanagementtrafficmanagerfluent,[tfm=netstandard2.0;isPrerelease=true]Microsoft.Azure.Management.TrafficManager.Fluent,1.38.1
azureresourcemanagerrelay,[tfm=netstandard2.0;isPrerelease=true]Azure.ResourceManager.Relay,1.1.0
microsoftazuremanagementcomputefluent,[tfm=netstandard2.0;isPrerelease=true]Microsoft.Azure.Management.Compute.Fluent,1.38.1
microsoftazuremanagementredisenterprise,[tfm=netstandard2.0;isPrerelease=true]Microsoft.Azure.Management.RedisEnterprise,3.0.0
microsoftazuredevicesclientpcl,[tfm=netstandard2.0;isPrerelease=true]Microsoft.Azure.Devices.Client.PCL,1.0.16
microsoftazuredevicesprotocolgatewayiothubclient,[tfm=netstandard2.0;isPrerelease=true]Microsoft.Azure.Devices.ProtocolGateway.IotHubClient,2.0.1
microsoftazuremanagementmanagedserviceidentity,[tfm=netstandard2.0;isPrerelease=true]Microsoft.Azure.Management.ManagedServiceIdentity,1.0.0
microsoftazuredevices,[tfm=netstandard2.0;isPrerelease=true]Microsoft.Azure.Devices,1.38.1
azureaitextanalytics,[tfm=netstandard2.0;isPrerelease=true]Azure.AI.TextAnalytics,5.2.0
azuremessagingeventhubsprocessor,[tfm=netstandard2.0;isPrerelease=true]Azure.Messaging.EventHubs.Processor,5.7.5
azureresourcemanagerconfluent,[tfm=netstandard2.0;isPrerelease=true]Azure.ResourceManager.Confluent,1.0.0
microsoftazuremanagementpolicyinsights,[tfm=netstandard2.0;isPrerelease=true]Microsoft.Azure.Management.PolicyInsights,5.0.0
azureresourcemanagerstoragesync,[tfm=netstandard2.0;isPrerelease=true]Azure.ResourceManager.StorageSync,1.1.0
microsoftazurewebjobsextensionswebpubsub,[tfm=netstandard2.0;isPrerelease=true]Microsoft.Azure.WebJobs.Extensions.WebPubSub,1.3.0
azureresourcemanageroperationalinsights,[tfm=netstandard2.0;isPrerelease=true]Azure.ResourceManager.OperationalInsights,1.0.0
azurestorageblobsbatch,[tfm=netstandard2.0;isPrerelease=true]Azure.Storage.Blobs.Batch,12.11.0
microsoftazuresearch,[tfm=netstandard2.0;isPrerelease=true]Microsoft.Azure.Search,10.1.0
microsoftazuremobileservernotifications,[tfm=netstandard2.0;isPrerelease=true]Microsoft.Azure.Mobile.Server.Notifications
microsoftazurecognitiveservicessearchcustomimagesearch,[tfm=netstandard2.0;isPrerelease=true]Microsoft.Azure.CognitiveServices.Search.CustomImageSearch,2.0.0
microsoftazuremanagementprivatedns,[tfm=netstandard2.0;isPrerelease=true]Microsoft.Azure.Management.PrivateDns,1.0.0
microsoftazuremanagementsql,[tfm=netstandard2.0;isPrerelease=true]Microsoft.Azure.Management.Sql
azurestorageblobs,[tfm=netstandard2.0;isPrerelease=true]Azure.Storage.Blobs,12.14.1
microsoftazuremanagementcontainerregistryfluent,[tfm=netstandard2.0;isPrerelease=true]Microsoft.Azure.Management.ContainerRegistry.Fluent,1.38.1
azurestoragecommon,[tfm=netstandard2.0;isPrerelease=true]Azure.Storage.Common,12.13.0
azureresourcemanagercontainerregistry,[tfm=netstandard2.0;isPrerelease=true]Azure.ResourceManager.ContainerRegistry,1.0.2
microsoftazuremanagementmarketplace,[tfm=netstandard2.0;isPrerelease=true]Microsoft.Azure.Management.Marketplace,3.0.0
azureresourcemanagerservicefabricmanagedclusters,[tfm=netstandard2.0;isPrerelease=true]Azure.ResourceManager.ServiceFabricManagedClusters,1.0.0
microsoftazurecognitiveservicesvisionface,[tfm=netstandard2.0;isPrerelease=true]Microsoft.Azure.CognitiveServices.Vision.Face
azureresourcemanagerappconfiguration,[tfm=netstandard2.0;isPrerelease=true]Azure.ResourceManager.AppConfiguration,1.0.0
azureresourcemanageriotcentral,[tfm=netstandard2.0;isPrerelease=true]Azure.ResourceManager.IotCentral,1.0.0
microsoftazuremanagementmigrateresourcemover,[tfm=netstandard2.0;isPrerelease=true]Microsoft.Azure.Management.Migrate.ResourceMover,3.0.0
microsoftazureeventhubs,[tfm=netstandard2.0;isPrerelease=true]Microsoft.Azure.EventHubs,4.3.2
azureresourcemanagerdnsresolver,[tfm=netstandard2.0;isPrerelease=true]Azure.ResourceManager.DnsResolver,1.0.0
azureresourcemanagercommunication,[tfm=netstandard2.0;isPrerelease=true]Azure.ResourceManager.Communication,1.0.0
azureailanguageconversations,[tfm=netstandard2.0;isPrerelease=true]Azure.AI.Language.Conversations,1.0.0
azureresourcemanagerservicelinker,[tfm=netstandard2.0;isPrerelease=true]Azure.ResourceManager.ServiceLinker,1.0.1
azurecoreamqp,[tfm=netstandard2.0;isPrerelease=true]Azure.Core.Amqp,1.2.0
microsoftazuremobileserverhome,[tfm=netstandard2.0;isPrerelease=true]Microsoft.Azure.Mobile.Server.Home
microsoftazurestoragequeue,[tfm=netstandard2.0;isPrerelease=true]Microsoft.Azure.Storage.Queue,11.2.3
microsoftazuremanagementservicebus,[tfm=netstandard2.0;isPrerelease=true]Microsoft.Azure.Management.ServiceBus,5.0.0
enterpriselibrarytransientfaulthandling,[tfm=netstandard2.0;isPrerelease=true]EnterpriseLibrary.TransientFaultHandling
azureresourcemanagermanagedserviceidentities,[tfm=netstandard2.0;isPrerelease=true]Azure.ResourceManager.ManagedServiceIdentities,1.0.0
azureresourcemanagerdns,[tfm=netstandard2.0;isPrerelease=true]Azure.ResourceManager.Dns,1.0.0
azureresourcemanagerdatashare,[tfm=netstandard2.0;isPrerelease=true]Azure.ResourceManager.DataShare,1.0.0
azureresourcemanagermixedreality,[tfm=netstandard2.0;isPrerelease=true]Azure.ResourceManager.MixedReality,1.0.0
microsoftapplicationinsights,[tfm=netstandard2.0;isPrerelease=true]Microsoft.ApplicationInsights
azuremessagingeventgrid,[tfm=netstandard2.0;isPrerelease=true]Azure.Messaging.EventGrid,4.12.0
azureresourcemanageranalysis,[tfm=netstandard2.0;isPrerelease=true]Azure.ResourceManager.Analysis,1.0.0
microsoftazuredevicesprovisioningtransporthttp,[tfm=netstandard2.0;isPrerelease=true]Microsoft.Azure.Devices.Provisioning.Transport.Http,1.15.1
azureresourcemanagermaintenance,[tfm=netstandard2.0;isPrerelease=true]Azure.ResourceManager.Maintenance,1.0.0
azurestoragefilesdatalake,[tfm=netstandard2.0;isPrerelease=true]Azure.Storage.Files.DataLake,12.12.1
azureresourcemanageredgeorder,[tfm=netstandard2.0;isPrerelease=true]Azure.ResourceManager.EdgeOrder,1.0.0
microsoftazuremanagementkeyvault,[tfm=netstandard2.0;isPrerelease=true]Microsoft.Azure.Management.KeyVault,3.1.0
microsoftazuremanagementmanagedservices,[tfm=netstandard2.0;isPrerelease=true]Microsoft.Azure.Management.ManagedServices,1.1.0
microsoftservicefabricactors,[tfm=netstandard2.0;isPrerelease=true]Microsoft.ServiceFabric.Actors
microsoftazuredocumentdbcore,[tfm=netstandard2.0;isPrerelease=true]Microsoft.Azure.DocumentDB.Core,2.18.0
microsoftazuredevicesprovisioningtransportmqtt,[tfm=netstandard2.0;isPrerelease=true]Microsoft.Azure.Devices.Provisioning.Transport.Mqtt,1.17.1
microsoftazurewebjobsextensionsdurabletask,[tfm=netstandard2.0;isPrerelease=true]Microsoft.Azure.WebJobs.Extensions.DurableTask,2.8.1
azureresourcemanagerdevtestlabs,[tfm=netstandard2.0;isPrerelease=true]Azure.ResourceManager.DevTestLabs,1.0.0
microsoftazurekeyvault,[tfm=netstandard2.0;isPrerelease=true]Microsoft.Azure.KeyVault,3.0.5
microsoftazurewebpubsubcommon,[tfm=netstandard2.0;isPrerelease=true]Microsoft.Azure.WebPubSub.Common,1.2.0
azureresourcemanagerhdinsight,[tfm=netstandard2.0;isPrerelease=true]Azure.ResourceManager.HDInsight,1.0.0
microsoftazuredevicesprotocolgatewaycore,[tfm=netstandard2.0;isPrerelease=true]Microsoft.Azure.Devices.ProtocolGateway.Core,2.0.1
microsoftazurecosmos,[tfm=netstandard2.0;isPrerelease=true]Microsoft.Azure.Cosmos,3.31.2
azureresourcemanagerdesktopvirtualization,[tfm=netstandard2.0;isPrerelease=true]Azure.ResourceManager.DesktopVirtualization,1.0.0
microsoftazuremanagementstorsimplefluent,[tfm=netstandard2.0;isPrerelease=true]Microsoft.Azure.Management.StorSimple.Fluent
microsoftazurebatchfilestaging,[tfm=netstandard2.0;isPrerelease=true]Microsoft.Azure.Batch.FileStaging,9.0.0
azureaimetricsadvisor,[tfm=netstandard2.0;isPrerelease=true]Azure.AI.MetricsAdvisor,1.1.0
microsoftazuremanagementdatafactories,[tfm=netstandard2.0;isPrerelease=true]Microsoft.Azure.Management.DataFactories,4.13.3
azureresourcemanagerredis,[tfm=netstandard2.0;isPrerelease=true]Azure.ResourceManager.Redis,1.1.0
azurecommunicationsms,[tfm=netstandard2.0;isPrerelease=true]Azure.Communication.Sms,1.0.1
microsoftazuremanagementoperationalinsights,[tfm=netstandard2.0;isPrerelease=true]Microsoft.Azure.Management.OperationalInsights
azuresecurityattestation,[tfm=netstandard2.0;isPrerelease=true]Azure.Security.Attestation,1.0.0
azuredigitaltwinscore,[tfm=netstandard2.0;isPrerelease=true]Azure.DigitalTwins.Core,1.4.0
microsoftazuredevicesprovisioningclient,[tfm=netstandard2.0;isPrerelease=true]Microsoft.Azure.Devices.Provisioning.Client,1.19.1
microsoftazuredevicesprovisioningservice,[tfm=netstandard2.0;isPrerelease=true]Microsoft.Azure.Devices.Provisioning.Service,1.18.1
azureresourcemanagergrafana,[tfm=netstandard2.0;isPrerelease=true]Azure.ResourceManager.Grafana,1.0.0
microsoftazuremanagementbilling,[tfm=netstandard2.0;isPrerelease=true]Microsoft.Azure.Management.Billing,4.1.0
azurestoragequeues,[tfm=netstandard2.0;isPrerelease=true]Azure.Storage.Queues,12.12.0
azureresourcemanagerresourcemover,[tfm=netstandard2.0;isPrerelease=true]Azure.ResourceManager.ResourceMover,1.0.0
microsoftazuremanagementiothub,[tfm=netstandard2.0;isPrerelease=true]Microsoft.Azure.Management.IotHub,4.2.0
azureresourcemanagermonitor,[tfm=netstandard2.0;isPrerelease=true]Azure.ResourceManager.Monitor,1.0.0
microsoftazuremanagementcognitiveservices,[tfm=netstandard2.0;isPrerelease=true]Microsoft.Azure.Management.CognitiveServices,8.3.0
azureresourcemanagermanagedservices,[tfm=netstandard2.0;isPrerelease=true]Azure.ResourceManager.ManagedServices,1.0.0
microsoftazurewebjobsextensionssignalrservice,[tfm=netstandard2.0;isPrerelease=true]Microsoft.Azure.WebJobs.Extensions.SignalRService,1.9.0
microsoftazurecognitiveservicessearchvisualsearch,[tfm=netstandard2.0;isPrerelease=true]Microsoft.Azure.CognitiveServices.Search.VisualSearch,2.0.0
azuresecuritykeyvaultkeys,[tfm=netstandard2.0;isPrerelease=true]Azure.Security.KeyVault.Keys,4.4.0
azureresourcemanagersqlvirtualmachine,[tfm=netstandard2.0;isPrerelease=true]Azure.ResourceManager.SqlVirtualMachine,1.0.0
azurecommunicationnetworktraversal,[tfm=netstandard2.0;isPrerelease=true]Azure.Communication.NetworkTraversal,1.0.0
azureresourcemanagerfluidrelay,[tfm=netstandard2.0;isPrerelease=true]Azure.ResourceManager.FluidRelay,1.0.0
azureextensionsaspnetcoredataprotectionblobs,[tfm=netstandard2.0;isPrerelease=true]Azure.Extensions.AspNetCore.DataProtection.Blobs,1.2.3
microsoftazuremanagementcontainerinstance,[tfm=netstandard2.0;isPrerelease=true]Microsoft.Azure.Management.ContainerInstance,7.0.0
microsoftpowerbiaspnetmvc,[tfm=netstandard2.0;isPrerelease=true]Microsoft.PowerBI.AspNet.Mvc
azureresourcemanagerpeering,[tfm=netstandard2.0;isPrerelease=true]Azure.ResourceManager.Peering,1.1.0
microsoftazuremanagementapimanagement,[tfm=netstandard2.0;isPrerelease=true]Microsoft.Azure.Management.ApiManagement
azurebatchfilestaging,[tfm=netstandard2.0;isPrerelease=true]Azure.Batch.FileStaging
microsoftazuremanagementrelay,[tfm=netstandard2.0;isPrerelease=true]Microsoft.Azure.Management.Relay,2.0.2
microsoftazuremanagementservicebusfluent,[tfm=netstandard2.0;isPrerelease=true]Microsoft.Azure.Management.ServiceBus.Fluent,1.38.1
microsoftazuremanagementcompute,[tfm=netstandard2.0;isPrerelease=true]Microsoft.Azure.Management.Compute,59.0.0
microsoftazuremanagementredis,[tfm=netstandard2.0;isPrerelease=true]Microsoft.Azure.Management.Redis,8.0.0
azureresourcemanagersynapse,[tfm=netstandard2.0;isPrerelease=true]Azure.ResourceManager.Synapse,1.1.0
microsoftazuremanagementbackupservices,[tfm=netstandard2.0;isPrerelease=true]Microsoft.Azure.Management.BackupServices
microsoftazurekeyvaultcore,[tfm=netstandard2.0;isPrerelease=true]Microsoft.Azure.KeyVault.Core,3.0.5
azureresourcemanagerchangeanalysis,[tfm=netstandard2.0;isPrerelease=true]Azure.ResourceManager.ChangeAnalysis,1.0.0
microsoftazuremanagementazurestackhci,[tfm=netstandard2.0;isPrerelease=true]Microsoft.Azure.Management.AzureStackHCI,1.0.0
azureresourcemanagerservicebus,[tfm=netstandard2.0;isPrerelease=true]Azure.ResourceManager.ServiceBus,1.0.0
azureresourcemanagercompute,[tfm=netstandard2.0;isPrerelease=true]Azure.ResourceManager.Compute,1.0.1
microsoftazuremanagementcontainerregistry,[tfm=netstandard2.0;isPrerelease=true]Microsoft.Azure.Management.ContainerRegistry,6.0.0
azureresourcemanagerservicefabric,[tfm=netstandard2.0;isPrerelease=true]Azure.ResourceManager.ServiceFabric,1.0.0
microsoftazurebatchconventionsfiles,[tfm=netstandard2.0;isPrerelease=true]Microsoft.Azure.Batch.Conventions.Files,4.0.0
microsoftazurecognitiveservicespersonalizer,[tfm=netstandard2.0;isPrerelease=true]Microsoft.Azure.CognitiveServices.Personalizer,1.0.0
microsoftazuremanagementbatchai,[tfm=netstandard2.0;isPrerelease=true]Microsoft.Azure.Management.BatchAI,2.0.0
microsoftazurewebjobsextensionsstorageblobs,[tfm=netstandard2.0;isPrerelease=true]Microsoft.Azure.WebJobs.Extensions.Storage.Blobs,5.0.1
azureextensionsaspnetcoreconfigurationsecrets,[tfm=netstandard2.0;isPrerelease=true]Azure.Extensions.AspNetCore.Configuration.Secrets,1.2.2
azureresourcemanagerdynatrace,[tfm=netstandard2.0;isPrerelease=true]Azure.ResourceManager.Dynatrace,1.0.0
microsoftazuredevicesprotocolgatewayproviderscloudstorage,[tfm=netstandard2.0;isPrerelease=true]Microsoft.Azure.Devices.ProtocolGateway.Providers.CloudStorage,2.0.1
azuremessagingeventhubs,[tfm=netstandard2.0;isPrerelease=true]Azure.Messaging.EventHubs,5.7.5
windowsazureservicebus,[tfm=netstandard2.0;isPrerelease=true]WindowsAzure.ServiceBus,6.2.2
microsoftservicefabric,[tfm=netstandard2.0;isPrerelease=true]Microsoft.ServiceFabric
microsoftazureapplicationinsightsquery,[tfm=netstandard2.0;isPrerelease=true]Microsoft.Azure.ApplicationInsights.Query,1.0.0
microsoftazuremanagementmaintenance,[tfm=netstandard2.0;isPrerelease=true]Microsoft.Azure.Management.Maintenance,1.3.0
microsoftazuremanagementlogic,[tfm=netstandard2.0;isPrerelease=true]Microsoft.Azure.Management.Logic,4.1.0
microsoftazuredevicesgatewaymodulenetstandard,[tfm=netstandard2.0;isPrerelease=true]Microsoft.Azure.Devices.Gateway.Module.NetStandard
microsoftazurecognitiveservicesvisioncustomvisiontraining,[tfm=netstandard2.0;isPrerelease=true]Microsoft.Azure.CognitiveServices.Vision.CustomVision.Training,2.0.0
azureresourcemanagermachinelearning,[tfm=netstandard2.0;isPrerelease=true]Azure.ResourceManager.MachineLearning,1.0.0
azureresourcemanagerlogic,[tfm=netstandard2.0;isPrerelease=true]Azure.ResourceManager.Logic,1.0.0
azuredataappconfiguration,[tfm=netstandard2.0;isPrerelease=true]Azure.Data.AppConfiguration,1.2.0
microsoftcognitiveservicesspeechxamarinios,[tfm=netstandard2.0;isPrerelease=true]Microsoft.CognitiveServices.Speech.Xamarin.iOS,1.24.1
microsoftservicefabricdatainterfacesv2,[tfm=netstandard2.0;isPrerelease=true]Microsoft.ServiceFabric.Data.Interfaces.V2
microsoftazuremanagementwebsites,[tfm=netstandard2.0;isPrerelease=true]Microsoft.Azure.Management.WebSites,4.0.0
azureresourcemanager,[tfm=netstandard2.0;isPrerelease=true]Azure.ResourceManager,1.3.2
microsoftazuremanagementbatch,[tfm=netstandard2.0;isPrerelease=true]Microsoft.Azure.Management.Batch,15.0.0
microsoftazurecosmostable,[tfm=netstandard2.0;isPrerelease=true]Microsoft.Azure.Cosmos.Table
microsoftazurebatch,[tfm=netstandard2.0;isPrerelease=true]Microsoft.Azure.Batch,15.4.0
microsoftazurestoragecommon,[tfm=netstandard2.0;isPrerelease=true]Microsoft.Azure.Storage.Common,11.1.0
azureresourcemanagereventhubs,[tfm=netstandard2.0;isPrerelease=true]Azure.ResourceManager.EventHubs,1.0.0
microsoftservicefabricserviceswcf,[tfm=netstandard2.0;isPrerelease=true]Microsoft.ServiceFabric.Services.Wcf
azuredatatables,[tfm=netstandard2.0;isPrerelease=true]Azure.Data.Tables,12.7.1
azureresourcemanageravs,[tfm=netstandard2.0;isPrerelease=true]Azure.ResourceManager.Avs,1.1.0
azuresecuritykeyvaultcertificates,[tfm=netstandard2.0;isPrerelease=true]Azure.Security.KeyVault.Certificates,4.4.0
azureresourcemanagersecurityinsights,[tfm=netstandard2.0;isPrerelease=true]Azure.ResourceManager.SecurityInsights,1.0.0
azureresourcemanagerhealthcareapis,[tfm=netstandard2.0;isPrerelease=true]Azure.ResourceManager.HealthcareApis,1.0.0
azureresourcemanagerpolicyinsights,[tfm=netstandard2.0;isPrerelease=true]Azure.ResourceManager.PolicyInsights,1.0.0
microsoftazuremanagementstorage,[tfm=netstandard2.0;isPrerelease=true]Microsoft.Azure.Management.Storage,25.0.0
azureresourcemanagermarketplaceordering,[tfm=netstandard2.0;isPrerelease=true]Azure.ResourceManager.MarketplaceOrdering,1.0.0
microsoftazuremobileserverentity,[tfm=netstandard2.0;isPrerelease=true]Microsoft.Azure.Mobile.Server.Entity
azureresourcemanagerapimanagement,[tfm=netstandard2.0;isPrerelease=true]Azure.ResourceManager.ApiManagement,1.0.0
azureresourcemanagerbilling,[tfm=netstandard2.0;isPrerelease=true]Azure.ResourceManager.Billing,1.0.0
azureresourcemanagerredisenterprise,[tfm=netstandard2.0;isPrerelease=true]Azure.ResourceManager.RedisEnterprise,1.0.0
microsoftazuremanagementstoragecache,[tfm=netstandard2.0;isPrerelease=true]Microsoft.Azure.Management.StorageCache,2.0.0
azureresourcemanagersecuritycenter,[tfm=netstandard2.0;isPrerelease=true]Azure.ResourceManager.SecurityCenter,1.0.0
azureresourcemanagerdeviceprovisioningservices,[tfm=netstandard2.0;isPrerelease=true]Azure.ResourceManager.DeviceProvisioningServices,1.0.0
microsoftservicefabricactorswcf,[tfm=netstandard2.0;isPrerelease=true]Microsoft.ServiceFabric.Actors.Wcf
microsoftazurestoragedatamovement,[tfm=netstandard2.0;isPrerelease=true]Microsoft.Azure.Storage.DataMovement,2.0.4
azureresourcemanagerkubernetesconfiguration,[tfm=netstandard2.0;isPrerelease=true]Azure.ResourceManager.KubernetesConfiguration,1.0.0
microsoftazuremanagementnotificationhubs,[tfm=netstandard2.0;isPrerelease=true]Microsoft.Azure.Management.NotificationHubs
microsoftazuredocumentdb,[tfm=netstandard2.0;isPrerelease=true]Microsoft.Azure.DocumentDB,2.18.0
microsoftazuremanagementauthorization,[tfm=netstandard2.0;isPrerelease=true]Microsoft.Azure.Management.Authorization
microsoftservicefabricdata,[tfm=netstandard2.0;isPrerelease=true]Microsoft.ServiceFabric.Data
azuremessagingservicebus,[tfm=netstandard2.0;isPrerelease=true]Azure.Messaging.ServiceBus,7.12.0
azureiotdeviceupdate,[tfm=netstandard2.0;isPrerelease=true]Azure.IoT.DeviceUpdate,1.0.0
azurecommunicationcommon,[tfm=netstandard2.0;isPrerelease=true]Azure.Communication.Common,1.2.1
azureresourcemanagerappservice,[tfm=netstandard2.0;isPrerelease=true]Azure.ResourceManager.AppService,1.0.0
microsoftazuremanagementcontainerservicefluent,[tfm=netstandard2.0;isPrerelease=true]Microsoft.Azure.Management.ContainerService.Fluent,1.38.1
microsoftazurekeyvaultwebkey,[tfm=netstandard2.0;isPrerelease=true]Microsoft.Azure.KeyVault.WebKey,3.0.5
microsoftazuremanagementredisfluent,[tfm=netstandard2.0;isPrerelease=true]Microsoft.Azure.Management.Redis.Fluent,1.38.1
microsoftazurecognitiveservicesanomalydetector,[tfm=netstandard2.0;isPrerelease=true]Microsoft.Azure.CognitiveServices.AnomalyDetector,1.0.0
azureresourcemanagersubscription,[tfm=netstandard2.0;isPrerelease=true]Azure.ResourceManager.Subscription,1.0.0
azureresourcemanageriothub,[tfm=netstandard2.0;isPrerelease=true]Azure.ResourceManager.IotHub,1.0.0
microsoftazureeventhubsprocessor,[tfm=netstandard2.0;isPrerelease=true]Microsoft.Azure.EventHubs.Processor,4.3.2
microsoftazuremanagementsqlvirtualmachine,[tfm=netstandard2.0;isPrerelease=true]Microsoft.Azure.Management.SqlVirtualMachine,1.0.0
microsoftazuremanagementtrafficmanager,[tfm=netstandard2.0;isPrerelease=true]Microsoft.Azure.Management.TrafficManager,2.5.4
azureresourcemanagerwebpubsub,[tfm=netstandard2.0;isPrerelease=true]Azure.ResourceManager.WebPubSub,1.0.0
azureresourcemanagerbatch,[tfm=netstandard2.0;isPrerelease=true]Azure.ResourceManager.Batch,1.1.0
microsoftazuremanagementkusto,[tfm=netstandard2.0;isPrerelease=true]Microsoft.Azure.Management.Kusto,10.0.0
azureresourcemanagermedia,[tfm=netstandard2.0;isPrerelease=true]Azure.ResourceManager.Media,1.0.0
microsoftrestclientruntimeazureauthentication,[tfm=netstandard2.0;isPrerelease=true]Microsoft.Rest.ClientRuntime.Azure.Authentication,2.4.1
microsoftazuremanagementrecoveryservicesbackup,[tfm=netstandard2.0;isPrerelease=true]Microsoft.Azure.Management.RecoveryServices.Backup
microsoftazuremanagementresourcemanager,[tfm=netstandard2.0;isPrerelease=true]Microsoft.Azure.Management.ResourceManager
systemmemorydata,[tfm=netstandard2.0;isPrerelease=true]System.Memory.Data,1.0.2
azureresourcemanagertrafficmanager,[tfm=netstandard2.0;isPrerelease=true]Azure.ResourceManager.TrafficManager,1.0.0
microsoftazurecognitiveserviceslanguagetextanalytics,[tfm=netstandard2.0;isPrerelease=true]Microsoft.Azure.CognitiveServices.Language.TextAnalytics
azurecommunicationchat,[tfm=netstandard2.0;isPrerelease=true]Azure.Communication.Chat,1.1.1
microsoftazuremanagementmysql,[tfm=netstandard2.0;isPrerelease=true]Microsoft.Azure.Management.MySQL,1.0.0
microsoftazurewebjobsextensionsstorage,[tfm=netstandard2.0;isPrerelease=true]Microsoft.Azure.WebJobs.Extensions.Storage,5.0.1
microsoftazuremanagementsearch,[tfm=netstandard2.0;isPrerelease=true]Microsoft.Azure.Management.Search,4.0.0
microsoftazuremanagementeventgrid,[tfm=netstandard2.0;isPrerelease=true]Microsoft.Azure.Management.EventGrid,9.0.0
microsoftazuremanagementpowerbiembedded,[tfm=netstandard2.0;isPrerelease=true]Microsoft.Azure.Management.PowerBIEmbedded
azureresourcemanagerdataboxedge,[tfm=netstandard2.0;isPrerelease=true]Azure.ResourceManager.DataBoxEdge,1.0.0
azureresourcemanagerfrontdoor,[tfm=netstandard2.0;isPrerelease=true]Azure.ResourceManager.FrontDoor,1.0.0
azureresourcemanagercognitiveservices,[tfm=netstandard2.0;isPrerelease=true]Azure.ResourceManager.CognitiveServices,1.1.0
azureresourcemanagerstoragepool,[tfm=netstandard2.0;isPrerelease=true]Azure.ResourceManager.StoragePool,1.0.0
azuremixedrealityremoterendering,[tfm=netstandard2.0;isPrerelease=true]Azure.MixedReality.RemoteRendering,1.1.0
microsoftazuremanagementfluent,[tfm=netstandard2.0;isPrerelease=true]Microsoft.Azure.Management.Fluent,1.38.1
microsoftazuremanagementlabservices,[tfm=netstandard2.0;isPrerelease=true]Microsoft.Azure.Management.LabServices,4.0.0
microsoftazuremanagementeventhub,[tfm=netstandard2.0;isPrerelease=true]Microsoft.Azure.Management.EventHub,5.0.0
azureresourcemanagerdatalakeanalytics,[tfm=netstandard2.0;isPrerelease=true]Azure.ResourceManager.DataLakeAnalytics,1.0.0
microsoftazurewebjobsextensionseventhubs,[tfm=netstandard2.0;isPrerelease=true]Microsoft.Azure.WebJobs.Extensions.EventHubs,5.1.2
microsoftazurefunctionsworker,[tfm=netstandard2.0;isPrerelease=true]Microsoft.Azure.Functions.Worker,1.10.0
microsoftpowerbiapi,[tfm=netstandard2.0;isPrerelease=true]Microsoft.PowerBI.Api,3.20.1
microsoftazuremanagementdatalakeanalytics,[tfm=netstandard2.0;isPrerelease=true]Microsoft.Azure.Management.DataLake.Analytics
microsoftazuremanagementmonitor,[tfm=netstandard2.0;isPrerelease=true]Microsoft.Azure.Management.Monitor
azureresourcemanagerautomation,[tfm=netstandard2.0;isPrerelease=true]Azure.ResourceManager.Automation,1.0.0
azureresourcemanagersearch,[tfm=netstandard2.0;isPrerelease=true]Azure.ResourceManager.Search,1.0.0
microsoftazuremanagementsupport,[tfm=netstandard2.0;isPrerelease=true]Microsoft.Azure.Management.Support,1.0.1
azureresourcemanagersupport,[tfm=netstandard2.0;isPrerelease=true]Azure.ResourceManager.Support,1.0.0
azureresourcemanagerappplatform,[tfm=netstandard2.0;isPrerelease=true]Azure.ResourceManager.AppPlatform,1.0.0
azureresourcemanagermarketplace,[tfm=netstandard2.0;isPrerelease=true]Azure.ResourceManager.Marketplace,1.0.0
microsoftazuremessagingeventgridcloudnativecloudevents,[tfm=netstandard2.0;isPrerelease=true]Microsoft.Azure.Messaging.EventGrid.CloudNativeCloudEvents,1.0.0
azureaitranslationdocument,[tfm=netstandard2.0;isPrerelease=true]Azure.AI.Translation.Document,1.0.0
microsoftextensionsconfigurationazureappconfiguration,[tfm=netstandard2.0;isPrerelease=true]Microsoft.Extensions.Configuration.AzureAppConfiguration,5.2.0
azureresourcemanagerpurview,[tfm=netstandard2.0;isPrerelease=true]Azure.ResourceManager.Purview,1.0.0
microsoftazurenotificationhubs,[tfm=netstandard2.0;isPrerelease=true]Microsoft.Azure.NotificationHubs,4.1.0
microsoftazurecorespatial,[tfm=netstandard2.0;isPrerelease=true]Microsoft.Azure.Core.Spatial,1.1.0
microsoftazuresearchdata,[tfm=netstandard2.0;isPrerelease=true]Microsoft.Azure.Search.Data,10.1.0
microsoftazurecognitiveservicesknowledgeqnamaker,[tfm=netstandard2.0;isPrerelease=true]Microsoft.Azure.CognitiveServices.Knowledge.QnAMaker,2.0.1
azureresourcemanagerguestconfiguration,[tfm=netstandard2.0;isPrerelease=true]Azure.ResourceManager.GuestConfiguration,1.0.0
azuresecurityconfidentialledger,[tfm=netstandard2.0;isPrerelease=true]Azure.Security.ConfidentialLedger,1.1.0
microsoftwindowsazuremanagementstorsimple,[tfm=netstandard2.0;isPrerelease=true]Microsoft.WindowsAzure.Management.StorSimple
azureresourcemanagerconsumption,[tfm=netstandard2.0;isPrerelease=true]Azure.ResourceManager.Consumption,1.0.0
microsoftazuredataschemaregistryapacheavro,[tfm=netstandard2.0;isPrerelease=true]Microsoft.Azure.Data.SchemaRegistry.ApacheAvro,1.0.0
windowsazuremediaservices,[tfm=netstandard2.0;isPrerelease=true]windowsazure.mediaservices,4.2.0
microsoftazuremanagementnetworkfluent,[tfm=netstandard2.0;isPrerelease=true]Microsoft.Azure.Management.Network.Fluent,1.38.1
microsoftazuremanagementgraphrbacfluent,[tfm=netstandard2.0;isPrerelease=true]Microsoft.Azure.Management.Graph.RBAC.Fluent,1.38.1
azureresourcemanagernetwork,[tfm=netstandard2.0;isPrerelease=true]Azure.ResourceManager.Network,1.1.0
azurecontainerscontainerregistry,[tfm=netstandard2.0;isPrerelease=true]Azure.Containers.ContainerRegistry,1.0.0
microsoftazuremanagementstoragesync,[tfm=netstandard2.0;isPrerelease=true]Microsoft.Azure.Management.StorageSync,7.0.0
azuremessagingwebpubsub,[tfm=netstandard2.0;isPrerelease=true]Azure.Messaging.WebPubSub,1.3.0
microsoftservicefabricdatainterfaces,[tfm=netstandard2.0;isPrerelease=true]Microsoft.ServiceFabric.Data.Interfaces
microsoftazuremanagementdeviceprovisioningservices,[tfm=netstandard2.0;isPrerelease=true]Microsoft.Azure.Management.DeviceProvisioningServices,4.0.0
azureresourcemanagerstreamanalytics,[tfm=netstandard2.0;isPrerelease=true]Azure.ResourceManager.StreamAnalytics,1.1.0
microsoftazuredevicesprovisioningsecuritytpm,[tfm=netstandard2.0;isPrerelease=true]Microsoft.Azure.Devices.Provisioning.Security.Tpm,1.14.1
microsoftazuremanagementdataboxedge,[tfm=netstandard2.0;isPrerelease=true]Microsoft.Azure.Management.DataBoxEdge,1.1.0
microsoftazuremanagementmedia,[tfm=netstandard2.0;isPrerelease=true]Microsoft.Azure.Management.Media,6.0.0
azurecommunicationphonenumbers,[tfm=netstandard2.0;isPrerelease=true]Azure.Communication.PhoneNumbers,1.0.1
azureaiformrecognizer,[tfm=netstandard2.0;isPrerelease=true]Azure.AI.FormRecognizer,4.0.0
microsoftazurecorespatialnewtonsoftjson,[tfm=netstandard2.0;isPrerelease=true]Microsoft.Azure.Core.Spatial.NewtonsoftJson,1.0.0
azureresourcemanagerstorage,[tfm=netstandard2.0;isPrerelease=true]Azure.ResourceManager.Storage,1.1.0
azureresourcemanageralertsmanagement,[tfm=netstandard2.0;isPrerelease=true]Azure.ResourceManager.AlertsManagement,1.0.0
azureresourcemanagercdn,[tfm=netstandard2.0;isPrerelease=true]Azure.ResourceManager.Cdn,1.0.1
microsoftservicefabricaspnetcoreweblistener,[tfm=netstandard2.0;isPrerelease=true]Microsoft.ServiceFabric.AspNetCore.WebListener
microsoftazurecognitiveservicessearchnewssearch,[tfm=netstandard2.0;isPrerelease=true]Microsoft.Azure.CognitiveServices.Search.NewsSearch,2.0.0
microsoftazurecognitiveservicessearchvideosearch,[tfm=netstandard2.0;isPrerelease=true]Microsoft.Azure.CognitiveServices.Search.VideoSearch,2.0.0
microsoftazurewebjobsextensionseventgrid,[tfm=netstandard2.0;isPrerelease=true]Microsoft.Azure.WebJobs.Extensions.EventGrid,3.2.1
microsoftcognitiveservicesspeech,[tfm=netstandard2.0;isPrerelease=true]Microsoft.CognitiveServices.Speech,1.24.1
microsoftazuresearchservice,[tfm=netstandard2.0;isPrerelease=true]Microsoft.Azure.Search.Service,10.1.0
azureresourcemanagerorbital,[tfm=netstandard2.0;isPrerelease=true]Azure.ResourceManager.Orbital,1.0.0
microsoftazuremanagementrecoveryservices,[tfm=netstandard2.0;isPrerelease=true]Microsoft.Azure.Management.RecoveryServices
microsoftazuremanagementstoragefluent,[tfm=netstandard2.0;isPrerelease=true]Microsoft.Azure.Management.Storage.Fluent,1.38.1
microsoftservicefabricservices,[tfm=netstandard2.0;isPrerelease=true]Microsoft.ServiceFabric.Services
microsoftazurewebjobsextensionsstoragequeues,[tfm=netstandard2.0;isPrerelease=true]Microsoft.Azure.WebJobs.Extensions.Storage.Queues,5.0.1
microsoftazuremanagementcdnfluent,[tfm=netstandard2.0;isPrerelease=true]Microsoft.Azure.Management.Cdn.Fluent,1.38.1
microsoftazuremanagementconsumption,[tfm=netstandard2.0;isPrerelease=true]Microsoft.Azure.Management.Consumption,3.0.2
microsoftazuremanagementdatabox,[tfm=netstandard2.0;isPrerelease=true]Microsoft.Azure.Management.DataBox,2.0.1
microsoftazurefunctionsworkergrpc,[tfm=netstandard2.0;isPrerelease=true]Microsoft.Azure.Functions.Worker.Grpc
microsoftazuremanagementstreamanalytics,[tfm=netstandard2.0;isPrerelease=true]Microsoft.Azure.Management.StreamAnalytics,4.0.0
microsoftazurefunctionsworkercore,[tfm=netstandard2.0;isPrerelease=true]Microsoft.Azure.Functions.Worker.Core
microsoftazuremanagementkubernetesconfiguration,[tfm=netstandard2.0;isPrerelease=true]Microsoft.Azure.Management.KubernetesConfiguration
microsoftazuremobileservertables,[tfm=netstandard2.0;isPrerelease=true]Microsoft.Azure.Mobile.Server.Tables
microsoftazuremanagementresourcemanagerfluent,[tfm=netstandard2.0;isPrerelease=true]Microsoft.Azure.Management.ResourceManager.Fluent,1.38.1
microsoftrestclientruntimeazure,[tfm=netstandard2.0;isPrerelease=true]Microsoft.Rest.ClientRuntime.Azure,3.3.19
microsoftazurecognitiveservicessearchimagesearch,[tfm=netstandard2.0;isPrerelease=true]Microsoft.Azure.CognitiveServices.Search.ImageSearch,2.0.0
microsoftazuremobileservercrossdomain,[tfm=netstandard2.0;isPrerelease=true]Microsoft.Azure.Mobile.Server.CrossDomain,2.0.3
azureresourcemanagerkeyvault,[tfm=netstandard2.0;isPrerelease=true]Azure.ResourceManager.KeyVault,1.0.0
microsoftazuredevicesshared,[tfm=netstandard2.0;isPrerelease=true]Microsoft.Azure.Devices.Shared,1.30.1
microsoftazurekeyvaultcryptography,[tfm=netstandard2.0;isPrerelease=true]Microsoft.Azure.KeyVault.Cryptography,3.0.5
azureresourcemanagercontainerinstance,[tfm=netstandard2.0;isPrerelease=true]Azure.ResourceManager.ContainerInstance,1.0.1
microsoftazurewebjobsextensionsservicebus,[tfm=netstandard2.0;isPrerelease=true]Microsoft.Azure.WebJobs.Extensions.ServiceBus,5.8.1
azureresourcemanagermysql,[tfm=netstandard2.0;isPrerelease=true]Azure.ResourceManager.MySql,1.0.0
azureresourcemanagerhci,[tfm=netstandard2.0;isPrerelease=true]Azure.ResourceManager.Hci,1.0.0
azuresecuritykeyvaultsecrets,[tfm=netstandard2.0;isPrerelease=true]Azure.Security.KeyVault.Secrets,4.4.0
microsoftazuremanagementautomation,[tfm=netstandard2.0;isPrerelease=true]Microsoft.Azure.Management.Automation
microsoftazuremanagementdatafactory,[tfm=netstandard2.0;isPrerelease=true]Microsoft.Azure.Management.DataFactory,8.0.0
microsoftazuremanagementhdinsight,[tfm=netstandard2.0;isPrerelease=true]Microsoft.Azure.Management.HDInsight,8.0.0
microsoftazurecognitiveserviceslanguagespellcheck,[tfm=netstandard2.0;isPrerelease=true]Microsoft.Azure.CognitiveServices.Language.SpellCheck
azuredataschemaregistry,[tfm=netstandard2.0;isPrerelease=true]Azure.Data.SchemaRegistry,1.3.0
azureresourcemanagerauthorization,[tfm=netstandard2.0;isPrerelease=true]Azure.ResourceManager.Authorization,1.0.0
microsoftcognitiveservicesspeechremoteconversation,[tfm=netstandard2.0;isPrerelease=true]Microsoft.CognitiveServices.Speech.Remoteconversation,1.24.1
azureresourcemanagerprivatedns,[tfm=netstandard2.0;isPrerelease=true]Azure.ResourceManager.PrivateDns,1.0.0
azuresecuritykeyvaultadministration,[tfm=netstandard2.0;isPrerelease=true]Azure.Security.KeyVault.Administration,4.2.0
microsoftservicefabricaspnetcorekestrel,[tfm=netstandard2.0;isPrerelease=true]Microsoft.ServiceFabric.AspNetCore.Kestrel
azuresearchdocuments,[tfm=netstandard2.0;isPrerelease=true]Azure.Search.Documents,11.4.0
microsoftazureoperationalinsights,[tfm=netstandard2.0;isPrerelease=true]Microsoft.Azure.OperationalInsights,1.1.0
microsoftazuresqldatabaseelasticscaleclient,[tfm=netstandard2.0;isPrerelease=true]Microsoft.Azure.SqlDatabase.ElasticScale.Client,2.3.0
microsoftazuremanagementsubscription,[tfm=netstandard2.0;isPrerelease=true]Microsoft.Azure.Management.Subscription,2.0.0
azureresourcemanagerresources,[tfm=netstandard2.0;isPrerelease=true]Azure.ResourceManager.Resources,1.3.1
microsoftazureservicebuseventprocessorhost,[tfm=netstandard2.0;isPrerelease=true]Microsoft.Azure.ServiceBus.EventProcessorHost
microsoftazuremanagementdnsfluent,[tfm=netstandard2.0;isPrerelease=true]Microsoft.Azure.Management.Dns.Fluent,1.38.1
microsoftazuremanagementdigitaltwins,[tfm=netstandard2.0;isPrerelease=true]Microsoft.Azure.Management.DigitalTwins,1.2.0
azureresourcemanagerreservations,[tfm=netstandard2.0;isPrerelease=true]Azure.ResourceManager.Reservations,1.1.0
microsoftazurecognitiveservicessearchcustomsearch,[tfm=netstandard2.0;isPrerelease=true]Microsoft.Azure.CognitiveServices.Search.CustomSearch,2.0.0
microsoftazuredevicesprovisioningtransportamqp,[tfm=netstandard2.0;isPrerelease=true]Microsoft.Azure.Devices.Provisioning.Transport.Amqp,1.16.1
azureidentity,[tfm=netstandard2.0;isPrerelease=true]Azure.Identity,1.8.1
azureresourcemanagerdataprotectionbackup,[tfm=netstandard2.0;isPrerelease=true]Azure.ResourceManager.DataProtectionBackup,1.0.0
azurecommunicationidentity,[tfm=netstandard2.0;isPrerelease=true]Azure.Communication.Identity,1.2.0
microsoftazuremanagementsynapse,[tfm=netstandard2.0;isPrerelease=true]Microsoft.Azure.Management.Synapse,2.0.0
azuremonitorquery,[tfm=netstandard2.0;isPrerelease=true]Azure.Monitor.Query,1.1.0
microsoftazurecognitiveservicescontentmoderator,[tfm=netstandard2.0;isPrerelease=true]Microsoft.Azure.CognitiveServices.ContentModerator,2.0.0
azuremixedrealityauthentication,[tfm=netstandard2.0;isPrerelease=true]Azure.MixedReality.Authentication,1.2.0
azureresourcemanagereventgrid,[tfm=netstandard2.0;isPrerelease=true]Azure.ResourceManager.EventGrid,1.0.0
azurestoragefilesshares,[tfm=netstandard2.0;isPrerelease=true]Azure.Storage.Files.Shares,12.12.1
azureresourcemanagerresourcegraph,[tfm=netstandard2.0;isPrerelease=true]Azure.ResourceManager.ResourceGraph,1.0.0
azureresourcemanagerpostgresql,[tfm=netstandard2.0;isPrerelease=true]Azure.ResourceManager.PostgreSql,1.0.0
microsoftazuremanagementdatashare,[tfm=netstandard2.0;isPrerelease=true]Microsoft.Azure.Management.DataShare,1.3.0
microsoftazurecognitiveserviceslanguageluisauthoring,[tfm=netstandard2.0;isPrerelease=true]Microsoft.Azure.CognitiveServices.Language.LUIS.Authoring,3.1.0
azureresourcemanagernetapp,[tfm=netstandard2.0;isPrerelease=true]Azure.ResourceManager.NetApp,1.0.0
azureresourcemanagersignalr,[tfm=netstandard2.0;isPrerelease=true]Azure.ResourceManager.SignalR,1.0.0
microsoftazurecognitiveservicessearchentitysearch,[tfm=netstandard2.0;isPrerelease=true]Microsoft.Azure.CognitiveServices.Search.EntitySearch,2.0.0
microsoftpowerbicore,[tfm=netstandard2.0;isPrerelease=true]Microsoft.PowerBI.Core
microsoftazuremanagementstorsimple8000series,[tfm=netstandard2.0;isPrerelease=true]Microsoft.Azure.Management.Storsimple8000series,1.0.0
microsoftazuredevicesclient,[tfm=netstandard2.0;isPrerelease=true]Microsoft.Azure.Devices.Client,1.41.2
microsoftazuremanagementhdinsightjob,[tfm=netstandard2.0;isPrerelease=true]Microsoft.Azure.Management.HDInsight.Job,2.0.7
